,Date,Unix,Ticker,DE Ratio,Stock Price,Stock Percent Change,S&P 500 Date,S&P 500 Value,SP500 Percent Change
0,2004-01-30 19:01:02,1075507262.0,a,0.407,36.65,,2004-01-30,"2997    1131.130005
Name: Adj Close, dtype: float64",
1,2004-04-13 04:07:11,1081843631.0,a,0.375,31.87,,2004-04-13,"2947    1129.439941
Name: Adj Close, dtype: float64",
2,2004-12-13 21:37:34,1102991854.0,a,0.323,23.84,,2004-12-13,"2778    1198.680054
Name: Adj Close, dtype: float64",
3,2005-01-22 05:17:19,1106389039.0,a,0.322,21.80,,2005-01-22,"Series([], Name: Adj Close, dtype: float64)",
4,2006-01-09 02:35:16,1136792116.0,a,0,34.65,,2006-01-09,"2508    1290.150024
Name: Adj Close, dtype: float64",
5,2006-06-21 11:01:16,1150902076.0,a,0.368,32.18,,2006-06-21,"2395    1252.199951
Name: Adj Close, dtype: float64",
6,2006-08-19 10:42:01,1155998521.0,a,0.396,31.80,,2006-08-19,"Series([], Name: Adj Close, dtype: float64)",
7,2007-02-20 17:46:56,1172011616.0,a,0.411,32.48,,2007-02-20,"2229    1459.680054
Name: Adj Close, dtype: float64",
8,2007-04-12 05:07:51,1176368871.0,a,0.411,34.62,,2007-04-12,"2193    1447.800049
Name: Adj Close, dtype: float64",
9,2008-01-23 19:28:50,1201134530.0,a,0.645,32.16,,2008-01-23,"1996    1338.599976
Name: Adj Close, dtype: float64",
10,2008-02-14 04:44:34,1202982274.0,a,0.645,32.68,,2008-02-14,"1980    1348.859985
Name: Adj Close, dtype: float64",
11,2008-04-26 04:49:23,1209199763.0,a,0.67,31.53,,2008-04-26,"Series([], Name: Adj Close, dtype: float64)",
12,2008-12-06 19:21:33,1228609293.0,a,0.83,17.26,,2008-12-06,"Series([], Name: Adj Close, dtype: float64)",
13,2009-08-02 05:46:24,1249206384.0,a,N/A,"<span id=""yfs_l10_a"">23.22</span>",,2009-08-02,"Series([], Name: Adj Close, dtype: float64)",
14,2011-08-02 06:45:37,1312281937.0,a,54.36,"<span id=""yfs_l10_a"">40.79</span>",,2011-08-02,"1107    1254.050049
Name: Adj Close, dtype: float64",
15,2011-11-08 05:04:16,1320746656.0,a,51.62,"<span id=""yfs_l10_a"">37.74</span>",,2011-11-08,"1038    1275.920044
Name: Adj Close, dtype: float64",
16,2013-05-14 00:28:58,1368505738.0,a,44.12,"_a"">43.04",,2013-05-14,"660    1650.339966
Name: Adj Close, dtype: float64",
17,2013-09-06 06:09:52,1378462192.0,a,56.39,"_a"">47.68",,2013-09-06,"580    1655.170044
Name: Adj Close, dtype: float64",
18,2004-04-13 04:20:10,1081844410.0,aa,0.595,34.26,,2004-04-13,"2947    1129.439941
Name: Adj Close, dtype: float64",
19,2004-09-09 16:15:45,1094760945.0,aa,0.561,32.89,,2004-09-09,"2844    1118.380005
Name: Adj Close, dtype: float64",
20,2004-11-24 10:37:20,1101310640.0,aa,0.53,33.58,,2004-11-24,"2790    1181.76001
Name: Adj Close, dtype: float64",
21,2004-12-05 00:36:42,1102225002.0,aa,0.53,32.86,,2004-12-05,"Series([], Name: Adj Close, dtype: float64)",
22,2005-01-13 07:18:32,1105618712.0,aa,0.457,29.43,,2005-01-13,"2756    1177.449951
Name: Adj Close, dtype: float64",
23,2005-02-07 03:48:37,1107766117.0,aa,0.457,29.37,,2005-02-07,"2740    1201.719971
Name: Adj Close, dtype: float64",
24,2005-05-22 08:48:23,1116766103.0,aa,0.543,27.45,,2005-05-22,"Series([], Name: Adj Close, dtype: float64)",
25,2006-06-20 04:32:21,1150792341.0,aa,0.526,29.10,,2006-06-20,"2396    1240.119995
Name: Adj Close, dtype: float64",
26,2007-01-25 19:09:37,1169770177.0,aa,0.494,31.46,,2007-01-25,"2246    1423.900024
Name: Adj Close, dtype: float64",
27,2007-02-23 09:03:42,1172239422.0,aa,0.494,34.75,,2007-02-23,"2226    1451.189941
Name: Adj Close, dtype: float64",
28,2007-05-16 21:12:47,1179364367.0,aa,0.494,39.04,,2007-05-16,"2169    1514.140015
Name: Adj Close, dtype: float64",
29,2007-06-22 06:39:12,1182508752.0,aa,0.503,40.34,,2007-06-22,"2143    1502.560059
Name: Adj Close, dtype: float64",
30,2007-10-11 20:57:59,1192150679.0,aa,0.47,38.08,,2007-10-11,"2066    1554.410034
Name: Adj Close, dtype: float64",
31,2008-01-23 16:05:53,1201122353.0,aa,0.499,28.04,,2008-01-23,"1996    1338.599976
Name: Adj Close, dtype: float64",
32,2008-10-28 00:52:22,1225169542.0,aa,0.672,9.04,,2008-10-28,"1802    940.51001
Name: Adj Close, dtype: float64",
33,2008-12-05 01:03:15,1228456995.0,aa,0.672,8.06,,2008-12-05,"1775    876.070007
Name: Adj Close, dtype: float64",
34,2008-12-06 09:33:46,1228574026.0,aa,0.672,8.15,,2008-12-06,"Series([], Name: Adj Close, dtype: float64)",
35,2008-12-18 10:54:07,1229615647.0,aa,0.672,10.35,,2008-12-18,"1766    885.280029
Name: Adj Close, dtype: float64",
36,2009-03-09 18:17:50,1236637070.0,aa,N/A,5.49,,2009-03-09,"1713    676.530029
Name: Adj Close, dtype: float64",
37,2011-09-03 09:21:23,1315056083.0,aa,48.26,"<span id=""yfs_l10_aa"">12.04</span>",,2011-09-03,"Series([], Name: Adj Close, dtype: float64)",
38,2011-11-02 22:04:47,1320285887.0,aa,50.93,"<span id=""yfs_l10_aa"">10.70</span>",,2011-11-02,"1042    1237.900024
Name: Adj Close, dtype: float64",
39,2011-11-05 21:29:24,1320542964.0,aa,50.93,"<span id=""yfs_l10_aa"">10.93</span>",,2011-11-05,"Series([], Name: Adj Close, dtype: float64)",
40,2012-01-02 19:42:06,1325551326.0,aa,50.93,"<span id=""yfs_l10_aa"">8.65</span>",,2012-01-02,"Series([], Name: Adj Close, dtype: float64)",
41,2012-03-09 07:34:06,1331296446.0,aa,54.50,"_aa"">9.77",,2012-03-09,"955    1370.869995
Name: Adj Close, dtype: float64",
42,2012-03-19 02:24:48,1332138288.0,aa,54.50,"_aa"">10.54",,2012-03-19,"949    1409.75
Name: Adj Close, dtype: float64",
43,2012-05-19 11:51:52,1337442712.0,aa,55.28,"_aa"">8.43",,2012-05-19,"Series([], Name: Adj Close, dtype: float64)",
44,2012-07-29 16:51:57,1343595117.0,aa,56.42,"_aa"">8.45",,2012-07-29,"Series([], Name: Adj Close, dtype: float64)",
45,2012-11-27 11:38:14,1354034294.0,aa,56.51,"_aa"">8.31",,2012-11-27,"775    1398.939941
Name: Adj Close, dtype: float64",
46,2013-01-22 17:52:37,1358895157.0,aa,53.49,"_aa"">9.16",,2013-01-22,"738    1492.560059
Name: Adj Close, dtype: float64",
47,2013-04-23 20:02:57,1366761777.0,aa,53.21,"_aa"">8.12",,2013-04-23,"675    1578.780029
Name: Adj Close, dtype: float64",
48,2013-04-26 20:55:15,1367024115.0,aa,53.21,"_aa"">8.27",,2013-04-26,"672    1582.23999
Name: Adj Close, dtype: float64",
49,2013-09-01 04:25:11,1378023911.0,aa,52.71,"_aa"">7.70",,2013-09-01,"Series([], Name: Adj Close, dtype: float64)",
50,2003-12-07 10:36:10,1070811370.0,aapl,0.072,20.85,,2003-12-07,"Series([], Name: Adj Close, dtype: float64)",
51,2004-02-03 07:33:34,1075811614.0,aapl,0.07,22.32,,2004-02-03,"2995    1136.030029
Name: Adj Close, dtype: float64",
52,2004-06-03 01:20:38,1086240038.0,aapl,0,28.92,,2004-06-03,"2911    1116.640015
Name: Adj Close, dtype: float64",
53,2004-08-10 02:02:44,1092117764.0,aapl,0,30.30,,2004-08-10,"2865    1079.040039
Name: Adj Close, dtype: float64",
54,2004-10-12 05:40:57,1097574057.0,aapl,0,38.59,,2004-10-12,"2821    1121.839966
Name: Adj Close, dtype: float64",
55,2004-12-04 14:16:51,1102187811.0,aapl,0,62.68,,2004-12-04,"Series([], Name: Adj Close, dtype: float64)",
56,2005-01-26 15:16:47,1106770607.0,aapl,0,71.94,,2005-01-26,"2748    1174.069946
Name: Adj Close, dtype: float64",
57,2005-02-04 03:07:08,1107504428.0,aapl,0,77.81,,2005-02-04,"2741    1203.030029
Name: Adj Close, dtype: float64",
58,2005-03-01 10:36:03,1109691363.0,aapl,0,44.86,,2005-03-01,"2725    1210.410034
Name: Adj Close, dtype: float64",
59,2005-12-17 11:55:53,1134838553.0,aapl,0,71.11,,2005-12-17,"Series([], Name: Adj Close, dtype: float64)",
60,2006-01-25 09:43:52,1138200232.0,aapl,0,76.04,,2006-01-25,"2497    1264.680054
Name: Adj Close, dtype: float64",
61,2006-02-03 13:49:59,1138992599.0,aapl,0,72.10,,2006-02-03,"2490    1264.030029
Name: Adj Close, dtype: float64",
62,2006-02-07 09:17:30,1139321850.0,aapl,0,67.30,,2006-02-07,"2488    1254.780029
Name: Adj Close, dtype: float64",
63,2006-02-17 15:01:01,1140206461.0,aapl,0,70.21,,2006-02-17,"2480    1287.23999
Name: Adj Close, dtype: float64",
64,2007-02-17 21:52:03,1171767123.0,aapl,N/A,84.83,,2007-02-17,"Series([], Name: Adj Close, dtype: float64)",
65,2007-02-19 17:27:55,1171924075.0,aapl,N/A,84.83,,2007-02-19,"Series([], Name: Adj Close, dtype: float64)",
66,2008-01-23 06:28:45,1201087725.0,aapl,N/A,155.64,,2008-01-23,"1996    1338.599976
Name: Adj Close, dtype: float64",
67,2008-10-27 05:55:02,1225101302.0,aapl,N/A,96.38,,2008-10-27,"1803    848.919983
Name: Adj Close, dtype: float64",
68,2008-10-29 21:14:51,1225329291.0,aapl,N/A,104.55,,2008-10-29,"1801    930.090027
Name: Adj Close, dtype: float64",
69,2008-10-31 22:34:03,1225506843.0,aapl,N/A,107.59,,2008-10-31,"1799    968.75
Name: Adj Close, dtype: float64",
70,2008-12-03 23:41:54,1228365714.0,aapl,N/A,95.90,,2008-12-03,"1777    870.73999
Name: Adj Close, dtype: float64",
71,2008-12-07 14:27:24,1228678044.0,aapl,N/A,94.00,,2008-12-07,"Series([], Name: Adj Close, dtype: float64)",
72,2008-12-16 01:57:34,1229410654.0,aapl,N/A,94.75,,2008-12-16,"1768    913.179993
Name: Adj Close, dtype: float64",
73,2008-12-17 02:12:01,1229497921.0,aapl,N/A,95.43,,2008-12-17,"1767    904.419983
Name: Adj Close, dtype: float64",
74,2009-01-01 01:31:55,1230791515.0,aapl,N/A,85.35,,2009-01-01,"Series([], Name: Adj Close, dtype: float64)",
75,2009-01-12 07:25:12,1231763112.0,aapl,N/A,90.58,,2009-01-12,"1751    870.26001
Name: Adj Close, dtype: float64",
76,2009-10-22 17:48:46,1256248126.0,aapl,N/A,"<span id=""yfs_l10_aapl"">204.211</span>",,2009-10-22,"1554    1092.910034
Name: Adj Close, dtype: float64",
77,2009-11-12 14:53:38,1258055618.0,aapl,N/A,"<span id=""yfs_l10_aapl"">204.096</span>",,2009-11-12,"1539    1087.23999
Name: Adj Close, dtype: float64",
78,2011-05-22 15:41:19,1306093279.0,aapl,N/A,"<span id=""yfs_l10_aapl"">335.22</span>",,2011-05-22,"Series([], Name: Adj Close, dtype: float64)",
79,2011-09-02 04:10:00,1314951000.0,aapl,N/A,"<span id=""yfs_l10_aapl"">381.03</span>",,2011-09-02,"1084    1173.969971
Name: Adj Close, dtype: float64",
80,2011-09-24 00:15:37,1316837737.0,aapl,N/A,"<span id=""yfs_l10_aapl"">404.30</span>",,2011-09-24,"Series([], Name: Adj Close, dtype: float64)",
81,2011-09-24 05:43:35,1316857415.0,aapl,N/A,"<span id=""yfs_l10_aapl"">404.30</span>",,2011-09-24,"Series([], Name: Adj Close, dtype: float64)",
82,2011-10-08 05:59:01,1318067941.0,aapl,N/A,"<span id=""yfs_l10_aapl"">369.80</span>",,2011-10-08,"Series([], Name: Adj Close, dtype: float64)",
83,2011-10-14 06:15:31,1318587331.0,aapl,N/A,"<span id=""yfs_l10_aapl"">408.43</span>",,2011-10-14,"1055    1224.579956
Name: Adj Close, dtype: float64",
84,2011-11-03 17:19:46,1320355186.0,aapl,N/A,"<span id=""yfs_l10_aapl"">399.21</span>",,2011-11-03,"1041    1261.150024
Name: Adj Close, dtype: float64",
85,2012-01-08 08:59:52,1326031192.0,aapl,N/A,"<span id=""yfs_l10_aapl"">422.40</span>",,2012-01-08,"Series([], Name: Adj Close, dtype: float64)",
86,2012-05-15 15:13:11,1337109191.0,aapl,N/A,"_aapl"">559.26",,2012-05-15,"909    1330.660034
Name: Adj Close, dtype: float64",
87,2012-09-23 15:53:29,1348430009.0,aapl,N/A,"_aapl"">700.09",,2012-09-23,"Series([], Name: Adj Close, dtype: float64)",
88,2012-10-11 20:20:07,1350001207.0,aapl,N/A,"_aapl"">628.10",,2012-10-11,"805    1432.839966
Name: Adj Close, dtype: float64",
89,2012-10-21 05:19:34,1350811174.0,aapl,N/A,"_aapl"">609.84",,2012-10-21,"Series([], Name: Adj Close, dtype: float64)",
90,2013-01-20 19:31:49,1358728309.0,aapl,N/A,"_aapl"">500.00",,2013-01-20,"Series([], Name: Adj Close, dtype: float64)",
91,2013-04-23 03:01:29,1366700489.0,aapl,N/A,"_aapl"">398.67",,2013-04-23,"675    1578.780029
Name: Adj Close, dtype: float64",
92,2013-05-16 23:28:32,1368761312.0,aapl,N/A,"_aapl"">434.58",,2013-05-16,"658    1650.469971
Name: Adj Close, dtype: float64",
93,2013-08-11 02:30:32,1376202632.0,aapl,13.75,"_aapl"">454.45",,2013-08-11,"Series([], Name: Adj Close, dtype: float64)",
94,2013-06-19 09:57:38,1371650258.0,abbv,512.61,"_abbv"">43.54",,2013-06-19,"635    1628.930054
Name: Adj Close, dtype: float64",
95,2003-10-26 16:06:32,1067198792.0,abc,0.592,57.01,,2003-10-26,"Series([], Name: Adj Close, dtype: float64)",
96,2004-01-28 07:37:34,1075293454.0,abc,0.429,56.36,,2004-01-28,"2999    1128.47998
Name: Adj Close, dtype: float64",
97,2004-05-16 19:24:15,1084749855.0,abc,0.412,58.97,,2004-05-16,"Series([], Name: Adj Close, dtype: float64)",
98,2004-10-20 01:31:26,1098250286.0,abc,0.331,52.10,,2004-10-20,"2815    1103.660034
Name: Adj Close, dtype: float64",
99,2005-01-08 07:45:42,1105188342.0,abc,0.332,57.90,,2005-01-08,"Series([], Name: Adj Close, dtype: float64)",
100,2005-03-30 19:52:42,1112226762.0,abc,0.291,55.44,,2005-03-30,"2705    1181.410034
Name: Adj Close, dtype: float64",
101,2005-05-26 01:50:44,1117086644.0,abc,0.23,65.93,,2005-05-26,"2664    1197.619995
Name: Adj Close, dtype: float64",
102,2005-12-04 08:46:13,1133703973.0,abc,0.223,79.46,,2005-12-04,"Series([], Name: Adj Close, dtype: float64)",
103,2007-02-20 06:12:02,1171969922.0,abc,0.308,54.90,,2007-02-20,"2229    1459.680054
Name: Adj Close, dtype: float64",
104,2007-04-05 16:11:07,1175803867.0,abc,0.308,53.94,,2007-04-05,"2197    1443.76001
Name: Adj Close, dtype: float64",
105,2008-01-23 20:34:05,1201138445.0,abc,0.396,45.55,,2008-01-23,"1996    1338.599976
Name: Adj Close, dtype: float64",
106,2009-02-09 08:47:34,1234187254.0,abc,N/A,38.76,,2009-02-09,"1732    869.890015
Name: Adj Close, dtype: float64",
107,2010-08-21 11:26:32,1282404392.0,abc,N/A,"<span id=""yfs_l10_abc"">28.92</span>",,2010-08-21,"Series([], Name: Adj Close, dtype: float64)",
108,2011-07-08 00:04:15,1310097855.0,abc,42.86,"<span id=""yfs_l10_abc"">43.05</span>",,2011-07-08,"1124    1343.800049
Name: Adj Close, dtype: float64",
109,2012-02-28 18:01:38,1330470098.0,abc,66.41,"_abc"">37.75",,2012-02-28,"963    1372.180054
Name: Adj Close, dtype: float64",
110,2013-04-25 01:02:00,1366866120.0,abc,59.73,"_abc"">55.82",,2013-04-25,"673    1585.160034
Name: Adj Close, dtype: float64",
111,2004-09-20 13:31:02,1095701462.0,abt,0.543,42.92,,2004-09-20,"2837    1122.199951
Name: Adj Close, dtype: float64",
112,2004-10-23 22:48:08,1098586088.0,abt,0.543,40.86,,2004-10-23,"Series([], Name: Adj Close, dtype: float64)",
113,2005-01-25 12:44:11,1106675051.0,abt,0.508,45.93,,2005-01-25,"2749    1168.410034
Name: Adj Close, dtype: float64",
114,2005-02-28 19:21:54,1109636514.0,abt,0.508,45.61,,2005-02-28,"2726    1203.599976
Name: Adj Close, dtype: float64",
115,2006-06-17 18:01:01,1150581661.0,abt,0.436,42.78,,2006-06-17,"Series([], Name: Adj Close, dtype: float64)",
116,2006-07-18 12:32:14,1153240334.0,abt,0.436,44.48,,2006-07-18,"2377    1236.859985
Name: Adj Close, dtype: float64",
117,2007-01-13 21:19:42,1168741182.0,abt,0.604,50.45,,2007-01-13,"Series([], Name: Adj Close, dtype: float64)",
118,2007-03-23 02:47:40,1174632460.0,abt,0.883,54.50,,2007-03-23,"2206    1436.109985
Name: Adj Close, dtype: float64",
119,2007-04-10 20:13:09,1176250389.0,abt,0.883,57.11,,2007-04-10,"2195    1448.390015
Name: Adj Close, dtype: float64",
120,2007-06-03 02:36:35,1180852595.0,abt,0.871,56.30,,2007-06-03,"Series([], Name: Adj Close, dtype: float64)",
121,2007-07-04 07:59:19,1183550359.0,abt,0.871,54.32,,2007-07-04,"Series([], Name: Adj Close, dtype: float64)",
122,2008-01-23 23:41:45,1201149705.0,abt,0.784,57.97,,2008-01-23,"1996    1338.599976
Name: Adj Close, dtype: float64",
123,2008-04-28 03:46:55,1209368815.0,abt,0.687,51.28,,2008-04-28,"1930    1396.369995
Name: Adj Close, dtype: float64",
124,2008-10-23 21:57:42,1224813462.0,abt,0.732,55.02,,2008-10-23,"1805    908.109985
Name: Adj Close, dtype: float64",
125,2008-12-25 05:30:56,1230201056.0,abt,0.546,52.65,,2008-12-25,"Series([], Name: Adj Close, dtype: float64)",
126,2011-08-05 04:11:33,1312531893.0,abt,76.17,"<span id=""yfs_l10_abt"">48.77</span>",,2011-08-05,"1104    1199.380005
Name: Adj Close, dtype: float64",
127,2011-09-02 09:24:27,1314969867.0,abt,68.83,"<span id=""yfs_l10_abt"">51.94</span>",,2011-09-02,"1084    1173.969971
Name: Adj Close, dtype: float64",
128,2011-11-02 06:21:21,1320229281.0,abt,68.83,"<span id=""yfs_l10_abt"">52.76</span>",,2011-11-02,"1042    1237.900024
Name: Adj Close, dtype: float64",
129,2012-01-01 23:13:40,1325477620.0,abt,67.73,"<span id=""yfs_l10_abt"">56.23</span>",,2012-01-01,"Series([], Name: Adj Close, dtype: float64)",
130,2012-03-02 20:56:30,1330739790.0,abt,62.85,"_abt"">57.39",,2012-03-02,"960    1369.630005
Name: Adj Close, dtype: float64",
131,2012-03-30 05:44:15,1333100655.0,abt,62.85,"_abt"">60.98",,2012-03-30,"940    1408.469971
Name: Adj Close, dtype: float64",
132,2012-07-04 23:46:24,1341459984.0,abt,65.17,"_abt"">64.83",,2012-07-04,"Series([], Name: Adj Close, dtype: float64)",
133,2013-05-08 18:10:02,1368051002.0,abt,76.36,"_abt"">36.06",,2013-05-08,"664    1632.689941
Name: Adj Close, dtype: float64",
134,2013-08-18 07:12:45,1376824365.0,abt,35.38,"_abt"">34.97",,2013-08-18,"Series([], Name: Adj Close, dtype: float64)",
135,2004-08-16 22:53:27,1092711207.0,ace,0.26,39.10,,2004-08-16,"2861    1079.339966
Name: Adj Close, dtype: float64",
136,2004-10-10 11:27:42,1097422062.0,ace,0.26,41.04,,2004-10-10,"Series([], Name: Adj Close, dtype: float64)",
137,2005-01-13 13:27:29,1105640849.0,ace,0.21,42.76,,2005-01-13,"2756    1177.449951
Name: Adj Close, dtype: float64",
138,2007-02-20 18:32:05,1172014325.0,ace,0.171,58.60,,2007-02-20,"2229    1459.680054
Name: Adj Close, dtype: float64",
139,2007-04-05 15:54:06,1175802846.0,ace,0.171,57.24,,2007-04-05,"2197    1443.76001
Name: Adj Close, dtype: float64",
140,2008-01-23 21:48:58,1201142938.0,ace,0.154,59.98,,2008-01-23,"1996    1338.599976
Name: Adj Close, dtype: float64",
141,2010-07-18 23:43:13,1279510993.0,ace,N/A,"<span id=""yfs_l10_ace"">53.70</span>",,2010-07-18,"Series([], Name: Adj Close, dtype: float64)",
142,2010-12-07 07:29:30,1291724970.0,ace,23.09,"<span id=""yfs_l10_ace"">59.06</span>",,2010-12-07,"1271    1223.75
Name: Adj Close, dtype: float64",
143,2011-08-11 20:49:00,1313110140.0,ace,27.70,"<span id=""yfs_l10_ace"">63.42</span>",,2011-08-11,"1100    1172.640015
Name: Adj Close, dtype: float64",
144,2013-04-23 04:24:03,1366705443.0,ace,24.94,"_ace"">89.27",,2013-04-23,"675    1578.780029
Name: Adj Close, dtype: float64",
145,2013-05-16 15:08:57,1368731337.0,ace,27.94,"_ace"">92.58",,2013-05-16,"658    1650.469971
Name: Adj Close, dtype: float64",
146,2003-12-15 23:12:24,1071547944.0,aci,1.074,30.78,,2003-12-15,"3028    1068.040039
Name: Adj Close, dtype: float64",
147,2005-01-24 04:33:07,1106559187.0,aci,1.18,34.52,,2005-01-24,"2750    1163.75
Name: Adj Close, dtype: float64",
148,2005-02-05 03:36:51,1107592611.0,aci,1.18,38.40,,2005-02-05,"Series([], Name: Adj Close, dtype: float64)",
149,2005-03-30 06:50:28,1112179828.0,aci,0.936,41.15,,2005-03-30,"2705    1181.410034
Name: Adj Close, dtype: float64",
150,2006-05-24 04:17:01,1148458621.0,aci,0.854,46.39,,2006-05-24,"2414    1258.569946
Name: Adj Close, dtype: float64",
151,2007-03-11 21:41:07,1173663667.0,aci,0.86,30.08,,2007-03-11,"Series([], Name: Adj Close, dtype: float64)",
152,2007-04-07 18:52:27,1175986347.0,aci,0.86,33.93,,2007-04-07,"Series([], Name: Adj Close, dtype: float64)",
153,2008-03-02 17:50:27,1204498227.0,aci,0.851,51.09,,2008-03-02,"Series([], Name: Adj Close, dtype: float64)",
154,2008-06-05 02:23:56,1212647036.0,aci,0.899,67.52,,2008-06-05,"1903    1404.050049
Name: Adj Close, dtype: float64",
155,2008-10-08 20:51:28,1223513488.0,aci,0.772,25.11,,2008-10-08,"1816    984.940002
Name: Adj Close, dtype: float64",
156,2008-12-05 05:35:57,1228473357.0,aci,0.767,11.93,,2008-12-05,"1775    876.070007
Name: Adj Close, dtype: float64",
157,2009-08-01 05:52:40,1249120360.0,aci,N/A,"<span id=""yfs_l10_aci"">17.41</span>",,2009-08-01,"Series([], Name: Adj Close, dtype: float64)",
158,2011-08-18 01:16:41,1313644601.0,aci,118.77,"<span id=""yfs_l10_aci"">19.70</span>",,2011-08-18,"1095    1140.650024
Name: Adj Close, dtype: float64",
159,2012-07-26 21:31:10,1343352670.0,aci,113.56,"_aci"">5.26",,2012-07-26,"859    1360.02002
Name: Adj Close, dtype: float64",
160,2012-11-04 10:32:06,1352043126.0,aci,144.73,"_aci"">8.26",,2012-11-04,"Series([], Name: Adj Close, dtype: float64)",
161,2013-04-23 05:25:15,1366709115.0,aci,179.32,"_aci"">4.89",,2013-04-23,"675    1578.780029
Name: Adj Close, dtype: float64",
162,2013-04-25 06:05:53,1366884353.0,aci,179.32,"_aci"">4.76",,2013-04-25,"673    1585.160034
Name: Adj Close, dtype: float64",
163,2003-11-08 10:24:47,1068305087.0,acn,0.076,25.05,,2003-11-08,"Series([], Name: Adj Close, dtype: float64)",
164,2004-11-28 23:13:49,1101701629.0,acn,0.023,25.94,,2004-11-28,"Series([], Name: Adj Close, dtype: float64)",
165,2004-12-10 06:26:24,1102677984.0,acn,0.023,26.20,,2004-12-10,"2779    1188.0
Name: Adj Close, dtype: float64",
166,2005-02-10 03:10:56,1108023056.0,acn,0.023,25.51,,2005-02-10,"2737    1197.01001
Name: Adj Close, dtype: float64",
167,2005-04-04 05:07:40,1112605660.0,acn,0.023,24.44,,2005-04-04,"2702    1176.119995
Name: Adj Close, dtype: float64",
168,2005-09-04 02:06:58,1125814018.0,acn,0.04,25.31,,2005-09-04,"Series([], Name: Adj Close, dtype: float64)",
169,2006-06-03 23:44:14,1149392654.0,acn,0.045,27.89,,2006-06-03,"Series([], Name: Adj Close, dtype: float64)",
170,2006-08-22 00:50:41,1156222241.0,acn,0.034,28.57,,2006-08-22,"2352    1298.819946
Name: Adj Close, dtype: float64",
171,2006-08-22 06:44:05,1156243445.0,acn,0.034,28.57,,2006-08-22,"2352    1298.819946
Name: Adj Close, dtype: float64",
172,2006-08-27 03:22:58,1156663378.0,acn,0.034,28.36,,2006-08-27,"Series([], Name: Adj Close, dtype: float64)",
173,2006-11-02 16:40:55,1162500055.0,acn,0.027,32.96,,2006-11-02,"2301    1367.339966
Name: Adj Close, dtype: float64",
174,2006-11-11 01:01:42,1163224902.0,acn,0.027,33.87,,2006-11-11,"Series([], Name: Adj Close, dtype: float64)",
175,2006-12-03 00:17:12,1165123032.0,acn,0.027,33.81,,2006-12-03,"Series([], Name: Adj Close, dtype: float64)",
176,2007-03-14 19:10:39,1173913839.0,acn,0.018,35.39,,2007-03-14,"2213    1387.170044
Name: Adj Close, dtype: float64",
177,2007-05-05 07:47:14,1178365634.0,acn,0.015,39.10,,2007-05-05,"Series([], Name: Adj Close, dtype: float64)",
178,2007-06-05 04:17:34,1181031454.0,acn,0.015,41.24,,2007-06-05,"2156    1530.949951
Name: Adj Close, dtype: float64",
179,2007-07-06 07:06:36,1183719996.0,acn,0.015,42.81,,2007-07-06,"2134    1530.439941
Name: Adj Close, dtype: float64",
180,2008-04-07 01:42:51,1207546971.0,acn,0.004,36.77,,2008-04-07,"1945    1372.540039
Name: Adj Close, dtype: float64",
181,2008-10-18 23:21:07,1224386467.0,acn,0.003,31.40,,2008-10-18,"Series([], Name: Adj Close, dtype: float64)",
182,2008-12-02 16:28:13,1228253293.0,acn,0.003,29.98,,2008-12-02,"1778    848.809998
Name: Adj Close, dtype: float64",
183,2008-12-21 20:10:46,1229908246.0,acn,0.001,32.21,,2008-12-21,"Series([], Name: Adj Close, dtype: float64)",
184,2009-08-10 19:40:05,1249947605.0,acn,N/A,"<span id=""yfs_l10_acn"">35.85</span>",,2009-08-10,"1606    1007.099976
Name: Adj Close, dtype: float64",
185,2011-09-01 16:51:37,1314910297.0,acn,0.11,"<span id=""yfs_l10_acn"">53.62</span>",,2011-09-01,"1085    1204.420044
Name: Adj Close, dtype: float64",
186,2011-11-08 00:40:19,1320730819.0,acn,0.10,"<span id=""yfs_l10_acn"">58.00</span>",,2011-11-08,"1038    1275.920044
Name: Adj Close, dtype: float64",
187,2012-02-29 00:47:01,1330494421.0,acn,0.15,"_acn"">59.76",,2012-02-29,"962    1365.680054
Name: Adj Close, dtype: float64",
188,2012-11-04 02:11:28,1352013088.0,acn,0.00,"_acn"">67.91",,2012-11-04,"Series([], Name: Adj Close, dtype: float64)",
189,2013-04-23 04:45:22,1366706722.0,acn,0.00,"_acn"">74.94",,2013-04-23,"675    1578.780029
Name: Adj Close, dtype: float64",
190,2013-05-10 03:17:29,1368170249.0,acn,0.00,"_acn"">80.09",,2013-05-10,"662    1633.699951
Name: Adj Close, dtype: float64",
191,2013-05-12 08:27:29,1368361649.0,act,177.28,"_act"">119.86",,2013-05-12,"Series([], Name: Adj Close, dtype: float64)",
192,2004-01-25 05:32:05,1075026725.0,adbe,0,38.04,,2004-01-25,"Series([], Name: Adj Close, dtype: float64)",
193,2004-08-21 23:10:00,1093144200.0,adbe,0,46.09,,2004-08-21,"Series([], Name: Adj Close, dtype: float64)",
194,2004-11-12 17:19:37,1100297977.0,adbe,0,58.10,,2004-11-12,"2798    1184.170044
Name: Adj Close, dtype: float64",
195,2005-02-07 16:20:07,1107811207.0,adbe,0,63.67,,2005-02-07,"2740    1201.719971
Name: Adj Close, dtype: float64",
196,2005-04-05 04:12:22,1112688742.0,adbe,0,66.58,,2005-04-05,"2701    1181.390015
Name: Adj Close, dtype: float64",
197,2005-08-31 10:51:30,1125499890.0,adbe,0,27.12,,2005-08-31,"2597    1220.329956
Name: Adj Close, dtype: float64",
198,2006-02-21 13:18:21,1140545901.0,adbe,0,37.80,,2006-02-21,"2479    1283.030029
Name: Adj Close, dtype: float64",
199,2006-04-07 10:36:37,1144420597.0,adbe,0,36.10,,2006-04-07,"2446    1295.5
Name: Adj Close, dtype: float64",
200,2006-06-23 19:31:40,1151105500.0,adbe,N/A,30.50,,2006-06-23,"2393    1244.5
Name: Adj Close, dtype: float64",
201,2006-11-28 09:44:25,1164725065.0,adbe,N/A,40.22,,2006-11-28,"2284    1386.719971
Name: Adj Close, dtype: float64",
202,2007-01-27 16:50:33,1169934633.0,adbe,N/A,39.26,,2007-01-27,"Series([], Name: Adj Close, dtype: float64)",
203,2007-03-09 02:36:54,1173425814.0,adbe,N/A,39.08,,2007-03-09,"2216    1402.839966
Name: Adj Close, dtype: float64",
204,2007-03-15 06:30:18,1173954618.0,adbe,N/A,39.30,,2007-03-15,"2212    1392.280029
Name: Adj Close, dtype: float64",
205,2007-03-28 17:43:54,1175118234.0,adbe,N/A,42.14,,2007-03-28,"2203    1417.22998
Name: Adj Close, dtype: float64",
206,2007-04-29 08:01:44,1177848104.0,adbe,N/A,42.89,,2007-04-29,"Series([], Name: Adj Close, dtype: float64)",
207,2007-04-30 09:07:29,1177938449.0,adbe,N/A,42.89,,2007-04-30,"2181    1482.369995
Name: Adj Close, dtype: float64",
208,2007-05-01 10:38:04,1178030284.0,adbe,N/A,41.56,,2007-05-01,"2180    1486.300049
Name: Adj Close, dtype: float64",
209,2007-05-30 21:47:54,1180576074.0,adbe,N/A,43.22,,2007-05-30,"2160    1530.22998
Name: Adj Close, dtype: float64",
210,2007-05-31 04:45:00,1180601100.0,adbe,N/A,43.22,,2007-05-31,"2159    1530.619995
Name: Adj Close, dtype: float64",
211,2007-06-30 20:56:00,1183251360.0,adbe,N/A,40.15,,2007-06-30,"Series([], Name: Adj Close, dtype: float64)",
212,2007-10-18 06:04:41,1192701881.0,adbe,N/A,45.97,,2007-10-18,"2061    1540.079956
Name: Adj Close, dtype: float64",
213,2008-01-23 23:45:57,1201149957.0,adbe,N/A,34.33,,2008-01-23,"1996    1338.599976
Name: Adj Close, dtype: float64",
214,2008-12-04 14:30:57,1228419057.0,adbe,0.08,22.54,,2008-12-04,"1776    845.219971
Name: Adj Close, dtype: float64",
215,2008-12-05 00:15:55,1228454155.0,adbe,0.08,20.44,,2008-12-05,"1775    876.070007
Name: Adj Close, dtype: float64",
216,2008-12-17 11:42:55,1229532175.0,adbe,0.08,22.32,,2008-12-17,"1767    904.419983
Name: Adj Close, dtype: float64",
217,2008-12-20 21:49:14,1229827754.0,adbe,0.079,22.13,,2008-12-20,"Series([], Name: Adj Close, dtype: float64)",
218,2011-04-24 04:02:44,1303632164.0,adbe,28.03,"<span id=""yfs_l10_adbe"">33.48</span>",,2011-04-24,"Series([], Name: Adj Close, dtype: float64)",
219,2011-08-05 04:11:46,1312531906.0,adbe,28.17,"<span id=""yfs_l10_adbe"">26.15</span>",,2011-08-05,"1104    1199.380005
Name: Adj Close, dtype: float64",
220,2011-09-25 13:42:54,1316972574.0,adbe,28.17,"<span id=""yfs_l10_adbe"">24.88</span>",,2011-09-25,"Series([], Name: Adj Close, dtype: float64)",
221,2011-10-18 13:47:26,1318960046.0,adbe,27.25,"<span id=""yfs_l10_adbe"">26.24</span>",,2011-10-18,"1053    1225.380005
Name: Adj Close, dtype: float64",
222,2012-03-24 12:13:07,1332605587.0,adbe,25.26,"_adbe"">33.81",,2012-03-24,"Series([], Name: Adj Close, dtype: float64)",
223,2012-07-02 04:31:22,1341217882.0,adbe,24.76,"_adbe"">32.37",,2012-07-02,"876    1365.51001
Name: Adj Close, dtype: float64",
224,2004-01-20 06:29:18,1074598158.0,adi,0,50.50,,2004-01-20,"3005    1138.77002
Name: Adj Close, dtype: float64",
225,2004-05-12 18:46:27,1084401987.0,adi,0,45.04,,2004-05-12,"2926    1097.280029
Name: Adj Close, dtype: float64",
226,2004-06-22 09:09:13,1087909753.0,adi,0,45.03,,2004-06-22,"2899    1134.410034
Name: Adj Close, dtype: float64",
227,2004-08-10 02:07:28,1092118048.0,adi,0,35.92,,2004-08-10,"2865    1079.040039
Name: Adj Close, dtype: float64",
228,2004-11-11 09:56:15,1100184975.0,adi,0,38.50,,2004-11-11,"2799    1173.47998
Name: Adj Close, dtype: float64",
229,2005-01-24 03:34:28,1106555668.0,adi,0,34.47,,2005-01-24,"2750    1163.75
Name: Adj Close, dtype: float64",
230,2005-03-17 01:05:45,1111035945.0,adi,0,35.92,,2005-03-17,"2713    1190.209961
Name: Adj Close, dtype: float64",
231,2005-04-08 23:33:20,1113017600.0,adi,0,35.67,,2005-04-08,"2698    1181.199951
Name: Adj Close, dtype: float64",
232,2005-09-07 23:00:53,1126148453.0,adi,0,36.88,,2005-09-07,"2593    1236.359985
Name: Adj Close, dtype: float64",
233,2005-10-31 08:19:48,1130761188.0,adi,0,34.61,,2005-10-31,"2555    1207.01001
Name: Adj Close, dtype: float64",
234,2006-12-06 22:26:10,1165461970.0,adi,N/A,33.57,,2006-12-06,"2278    1412.900024
Name: Adj Close, dtype: float64",
235,2007-02-20 18:32:29,1172014349.0,adi,N/A,32.97,,2007-02-20,"2229    1459.680054
Name: Adj Close, dtype: float64",
236,2007-04-05 11:21:28,1175786488.0,adi,N/A,35.37,,2007-04-05,"2197    1443.76001
Name: Adj Close, dtype: float64",
237,2008-01-23 20:59:26,1201139966.0,adi,N/A,27.74,,2008-01-23,"1996    1338.599976
Name: Adj Close, dtype: float64",
238,2008-04-17 12:21:31,1208449291.0,adi,N/A,31.44,,2008-04-17,"1937    1365.560059
Name: Adj Close, dtype: float64",
239,2008-10-14 20:39:34,1224031174.0,adi,N/A,22.77,,2008-10-14,"1812    998.01001
Name: Adj Close, dtype: float64",
240,2008-12-12 10:52:17,1229097137.0,adi,N/A,18.46,,2008-12-12,"1770    879.72998
Name: Adj Close, dtype: float64",
241,2008-12-18 00:52:29,1229579549.0,adi,N/A,19.68,,2008-12-18,"1766    885.280029
Name: Adj Close, dtype: float64",
242,2009-03-27 16:45:23,1238186723.0,adi,N/A,"<span id=""yfs_l10_adi"">20.00</span>",,2009-03-27,"1699    815.940002
Name: Adj Close, dtype: float64",
243,2011-08-05 04:12:35,1312531955.0,adi,25.32,"<span id=""yfs_l10_adi"">31.63</span>",,2011-08-05,"1104    1199.380005
Name: Adj Close, dtype: float64",
244,2012-03-19 11:50:51,1332172251.0,adi,22.65,"_adi"">39.70",,2012-03-19,"949    1409.75
Name: Adj Close, dtype: float64",
245,2013-04-22 02:24:41,1366611881.0,adi,17.57,"_adi"">42.36",,2013-04-22,"676    1562.5
Name: Adj Close, dtype: float64",
246,2013-05-11 12:07:46,1368288466.0,adi,17.57,"_adi"">46.79",,2013-05-11,"Series([], Name: Adj Close, dtype: float64)",
247,2003-11-12 17:41:28,1068676888.0,adm,0.733,14.48,,2003-11-12,"3050    1058.530029
Name: Adj Close, dtype: float64",
248,2004-01-31 04:11:22,1075540282.0,adm,0.703,15.66,,2004-01-31,"Series([], Name: Adj Close, dtype: float64)",
249,2004-04-14 16:44:25,1081975465.0,adm,0.789,16.81,,2004-04-14,"2946    1128.170044
Name: Adj Close, dtype: float64",
250,2004-06-19 13:33:48,1087666428.0,adm,0.848,16.28,,2004-06-19,"Series([], Name: Adj Close, dtype: float64)",
251,2004-11-30 07:08:52,1101816532.0,adm,0.613,21.23,,2004-11-30,"2787    1173.819946
Name: Adj Close, dtype: float64",
252,2005-01-26 00:58:06,1106719086.0,adm,0.613,22.65,,2005-01-26,"2748    1174.069946
Name: Adj Close, dtype: float64",
253,2005-02-08 21:21:16,1107915676.0,adm,0.613,23.71,,2005-02-08,"2739    1202.300049
Name: Adj Close, dtype: float64",
254,2005-02-14 20:39:46,1108431586.0,adm,0.528,24.50,,2005-02-14,"2735    1206.140015
Name: Adj Close, dtype: float64",
255,2006-04-06 18:53:48,1144364028.0,adm,0.52,37.05,,2006-04-06,"2447    1309.040039
Name: Adj Close, dtype: float64",
256,2006-04-07 06:53:49,1144407229.0,adm,0.52,36.92,,2006-04-07,"2446    1295.5
Name: Adj Close, dtype: float64",
257,2006-04-12 00:58:21,1144817901.0,adm,0.52,36.55,,2006-04-12,"2443    1288.119995
Name: Adj Close, dtype: float64",
258,2006-04-22 19:30:52,1145748652.0,adm,0.52,37.86,,2006-04-22,"Series([], Name: Adj Close, dtype: float64)",
259,2006-04-23 14:17:44,1145816264.0,adm,0.52,37.86,,2006-04-23,"Series([], Name: Adj Close, dtype: float64)",
260,2006-04-24 19:49:42,1145922582.0,adm,0.52,38.45,,2006-04-24,"2436    1308.109985
Name: Adj Close, dtype: float64",
261,2006-04-28 06:30:41,1146220241.0,adm,0.52,36.19,,2006-04-28,"2432    1310.609985
Name: Adj Close, dtype: float64",
262,2006-05-16 14:27:00,1147804020.0,adm,0.514,43.10,,2006-05-16,"2420    1292.079956
Name: Adj Close, dtype: float64",
263,2007-02-20 08:05:08,1171976708.0,adm,0.541,35.88,,2007-02-20,"2229    1459.680054
Name: Adj Close, dtype: float64",
264,2007-03-07 08:11:55,1173273115.0,adm,0.541,32.96,,2007-03-07,"2218    1391.969971
Name: Adj Close, dtype: float64",
265,2007-04-09 12:40:37,1176136837.0,adm,0.541,37.02,,2007-04-09,"2196    1444.609985
Name: Adj Close, dtype: float64",
266,2007-06-18 03:24:32,1182151472.0,adm,0.597,34.57,,2007-06-18,"2147    1531.050049
Name: Adj Close, dtype: float64",
267,2007-06-19 05:10:54,1182244254.0,adm,0.597,34.75,,2007-06-19,"2146    1533.699951
Name: Adj Close, dtype: float64",
268,2007-10-12 05:57:34,1192183054.0,adm,0.47,34.90,,2007-10-12,"2065    1561.800049
Name: Adj Close, dtype: float64",
269,2008-01-23 23:14:44,1201148084.0,adm,0.62,40.85,,2008-01-23,"1996    1338.599976
Name: Adj Close, dtype: float64",
270,2009-01-09 16:47:55,1231537675.0,adm,0.628,27.94,,2009-01-09,"1752    890.349976
Name: Adj Close, dtype: float64",
271,2011-07-29 19:09:22,1311980962.0,adm,85.48,"<span id=""yfs_l10_adm"">30.64</span>",,2011-07-29,"1109    1292.280029
Name: Adj Close, dtype: float64",
272,2011-08-05 04:13:27,1312532007.0,adm,85.48,"<span id=""yfs_l10_adm"">28.05</span>",,2011-08-05,"1104    1199.380005
Name: Adj Close, dtype: float64",
273,2011-09-28 04:29:00,1317198540.0,adm,54.78,"<span id=""yfs_l10_adm"">25.77</span>",,2011-09-28,"1067    1151.060059
Name: Adj Close, dtype: float64",
274,2011-12-31 04:39:51,1325324391.0,adm,51.59,"<span id=""yfs_l10_adm"">28.60</span>",,2011-12-31,"Series([], Name: Adj Close, dtype: float64)",
275,2012-07-28 11:39:41,1343489981.0,adm,55.68,"_adm"">27.54",,2012-07-28,"Series([], Name: Adj Close, dtype: float64)",
276,2013-06-07 17:17:34,1370639854.0,adm,46.71,"_adm"">33.02",,2013-06-07,"643    1643.380005
Name: Adj Close, dtype: float64",
277,2004-05-12 18:03:39,1084399419.0,adp,0.015,45.70,,2004-05-12,"2926    1097.280029
Name: Adj Close, dtype: float64",
278,2006-05-29 06:22:46,1148898166.0,adp,0.012,45.98,,2006-05-29,"Series([], Name: Adj Close, dtype: float64)",
279,2006-06-27 09:26:37,1151414797.0,adp,0.012,44.48,,2006-06-27,"2391    1239.199951
Name: Adj Close, dtype: float64",
280,2007-02-20 18:32:39,1172014359.0,adp,0.012,50.70,,2007-02-20,"2229    1459.680054
Name: Adj Close, dtype: float64",
281,2007-04-28 09:46:50,1177768010.0,adp,0.012,45.17,,2007-04-28,"Series([], Name: Adj Close, dtype: float64)",
282,2007-05-28 15:46:58,1180381618.0,adp,0.007,49.23,,2007-05-28,"Series([], Name: Adj Close, dtype: float64)",
283,2007-06-30 05:05:33,1183194333.0,adp,0.007,48.47,,2007-06-30,"Series([], Name: Adj Close, dtype: float64)",
284,2007-10-22 09:12:40,1193058760.0,adp,0.008,47.52,,2007-10-22,"2059    1506.329956
Name: Adj Close, dtype: float64",
285,2008-01-23 19:35:35,1201134935.0,adp,0.078,38.56,,2008-01-23,"1996    1338.599976
Name: Adj Close, dtype: float64",
286,2008-12-07 07:53:01,1228654381.0,adp,0.288,37.59,,2008-12-07,"Series([], Name: Adj Close, dtype: float64)",
287,2009-03-27 23:09:31,1238209771.0,adp,N/A,"<span id=""yfs_l10_adp"">35.50</span>",,2009-03-27,"1699    815.940002
Name: Adj Close, dtype: float64",
288,2009-06-22 11:11:50,1245683510.0,adp,N/A,"<span id=""yfs_l10_adp"">35.68</span>",,2009-06-22,"1640    893.039978
Name: Adj Close, dtype: float64",
289,2011-08-05 04:11:51,1312531911.0,adp,0.57,"<span id=""yfs_l10_adp"">47.88</span>",,2011-08-05,"1104    1199.380005
Name: Adj Close, dtype: float64",
290,2011-09-30 03:20:09,1317367209.0,adp,0.62,"<span id=""yfs_l10_adp"">48.12</span>",,2011-09-30,"1065    1131.420044
Name: Adj Close, dtype: float64",
291,2012-01-04 00:07:51,1325653671.0,adp,0.61,"<span id=""yfs_l10_adp"">54.46</span>",,2012-01-04,"1000    1277.300049
Name: Adj Close, dtype: float64",
292,2012-04-20 21:07:33,1334970453.0,adp,0.58,"_adp"">55.02",,2012-04-20,"926    1378.530029
Name: Adj Close, dtype: float64",
293,2012-07-26 00:02:28,1343275348.0,adp,0.27,"_adp"">55.41",,2012-07-26,"859    1360.02002
Name: Adj Close, dtype: float64",
294,2012-11-04 17:34:40,1352068480.0,adp,0.26,"_adp"">57.37",,2012-11-04,"Series([], Name: Adj Close, dtype: float64)",
295,2013-02-06 18:15:11,1360192511.0,adp,7.29,"_adp"">60.33",,2013-02-06,"727    1512.119995
Name: Adj Close, dtype: float64",
296,2013-04-23 04:13:36,1366704816.0,adp,0.46,"_adp"">65.50",,2013-04-23,"675    1578.780029
Name: Adj Close, dtype: float64",
297,2013-04-26 14:37:22,1367001442.0,adp,0.46,"_adp"">66.59",,2013-04-26,"672    1582.23999
Name: Adj Close, dtype: float64",
298,2003-10-03 16:48:40,1065214120.0,adsk,0,18.44,,2003-10-03,"3078    1029.849976
Name: Adj Close, dtype: float64",
299,2004-06-20 07:36:21,1087731381.0,adsk,0,39.40,,2004-06-20,"Series([], Name: Adj Close, dtype: float64)",
300,2004-08-03 23:39:21,1091590761.0,adsk,0,39.96,,2004-08-03,"2870    1099.689941
Name: Adj Close, dtype: float64",
301,2005-02-25 15:10:44,1109362244.0,adsk,0,29.83,,2005-02-25,"2727    1211.369995
Name: Adj Close, dtype: float64",
302,2005-04-19 09:08:08,1113916088.0,adsk,0,31.69,,2005-04-19,"2691    1152.780029
Name: Adj Close, dtype: float64",
303,2007-03-09 02:37:05,1173425825.0,adsk,N/A,38.53,,2007-03-09,"2216    1402.839966
Name: Adj Close, dtype: float64",
304,2007-03-11 12:08:50,1173629330.0,adsk,N/A,38.54,,2007-03-11,"Series([], Name: Adj Close, dtype: float64)",
305,2007-04-07 14:32:35,1175970755.0,adsk,N/A,39.55,,2007-04-07,"Series([], Name: Adj Close, dtype: float64)",
306,2007-05-29 18:50:01,1180479001.0,adsk,N/A,44.53,,2007-05-29,"2161    1518.109985
Name: Adj Close, dtype: float64",
307,2007-12-24 21:50:49,1198551049.0,adsk,N/A,51.02,,2007-12-24,"2015    1496.449951
Name: Adj Close, dtype: float64",
308,2008-01-23 23:44:14,1201149854.0,adsk,N/A,40.75,,2008-01-23,"1996    1338.599976
Name: Adj Close, dtype: float64",
309,2008-03-02 21:47:36,1204512456.0,adsk,N/A,31.09,,2008-03-02,"Series([], Name: Adj Close, dtype: float64)",
310,2009-06-18 19:51:54,1245369114.0,adsk,N/A,"<span id=""yfs_l10_adsk"">20.69</span>",,2009-06-18,"1642    918.369995
Name: Adj Close, dtype: float64",
311,2012-06-10 06:28:33,1339324113.0,adsk,N/A,"_adsk"">32.78",,2012-06-10,"Series([], Name: Adj Close, dtype: float64)",
312,2012-08-28 20:58:45,1346201925.0,adsk,N/A,"_adsk"">31.23",,2012-08-28,"836    1409.300049
Name: Adj Close, dtype: float64",
313,2012-11-07 12:09:30,1352308170.0,adsk,N/A,"_adsk"">32.41",,2012-11-07,"788    1394.530029
Name: Adj Close, dtype: float64",
314,2013-02-06 12:50:17,1360173017.0,adsk,5.45,"_adsk"">39.06",,2013-02-06,"727    1512.119995
Name: Adj Close, dtype: float64",
315,2013-05-14 02:47:26,1368514046.0,adsk,36.49,"_adsk"">38.90",,2013-05-14,"660    1650.339966
Name: Adj Close, dtype: float64",
316,2013-04-23 04:44:32,1366706672.0,adt,48.01,"_adt"">43.84",,2013-04-23,"675    1578.780029
Name: Adj Close, dtype: float64",
317,2013-05-09 13:05:42,1368119142.0,adt,69.94,"_adt"">44.47",,2013-05-09,"663    1626.670044
Name: Adj Close, dtype: float64",
318,2003-12-28 17:36:03,1072650963.0,aee,1,45.44,,2003-12-28,"Series([], Name: Adj Close, dtype: float64)",
319,2004-09-24 17:33:50,1096061630.0,aee,0.804,46.07,,2004-09-24,"2833    1110.109985
Name: Adj Close, dtype: float64",
320,2004-11-02 15:30:15,1099423815.0,aee,0.804,48.01,,2004-11-02,"2806    1130.560059
Name: Adj Close, dtype: float64",
321,2005-03-05 21:55:16,1110077716.0,aee,0.974,51.83,,2005-03-05,"Series([], Name: Adj Close, dtype: float64)",
322,2005-12-16 06:43:01,1134733381.0,aee,0.863,52.32,,2005-12-16,"2522    1267.319946
Name: Adj Close, dtype: float64",
323,2006-01-10 11:29:29,1136910569.0,aee,0.863,51.66,,2006-01-10,"2507    1289.689941
Name: Adj Close, dtype: float64",
324,2007-02-20 06:12:12,1171969932.0,aee,0.965,53.51,,2007-02-20,"2229    1459.680054
Name: Adj Close, dtype: float64",
325,2007-12-15 01:09:10,1197698950.0,aee,1.02,53.77,,2007-12-15,"Series([], Name: Adj Close, dtype: float64)",
326,2008-01-23 19:17:07,1201133827.0,aee,1.02,46.34,,2008-01-23,"1996    1338.599976
Name: Adj Close, dtype: float64",
327,2009-02-21 00:56:51,1235195811.0,aee,N/A,25.73,,2009-02-21,"Series([], Name: Adj Close, dtype: float64)",
328,2010-02-18 18:51:00,1266537060.0,aee,N/A,"<span id=""yfs_l10_aee"">25.625</span>",,2010-02-18,"1474    1106.75
Name: Adj Close, dtype: float64",
329,2010-03-23 07:53:00,1269345180.0,aee,N/A,"<span id=""yfs_l10_aee"">25.82</span>",,2010-03-23,"1451    1174.170044
Name: Adj Close, dtype: float64",
330,2012-04-23 16:14:50,1335212090.0,aee,86.81,"_aee"">31.45",,2012-04-23,"925    1366.939941
Name: Adj Close, dtype: float64",
331,2013-05-15 17:35:45,1368653745.0,aee,94.51,"_aee"">36.37",,2013-05-15,"659    1658.780029
Name: Adj Close, dtype: float64",
332,2007-03-17 16:26:12,1174163172.0,aeo,No Data Available,29.89,,2007-03-17,"Series([], Name: Adj Close, dtype: float64)",
333,2007-09-20 19:04:16,1190329456.0,aeo,N/A,25.61,,2007-09-20,"2081    1518.75
Name: Adj Close, dtype: float64",
334,2007-10-13 18:24:50,1192314290.0,aeo,N/A,24.43,,2007-10-13,"Series([], Name: Adj Close, dtype: float64)",
335,2008-01-24 01:42:43,1201156963.0,aeo,N/A,22.64,,2008-01-24,"1995    1352.069946
Name: Adj Close, dtype: float64",
336,2008-12-08 10:59:42,1228751982.0,aeo,0.054,9.73,,2008-12-08,"1774    909.700012
Name: Adj Close, dtype: float64",
337,2009-01-12 14:36:10,1231788970.0,aeo,0.054,10.13,,2009-01-12,"1751    870.26001
Name: Adj Close, dtype: float64",
338,2009-03-07 19:29:00,1236472140.0,aeo,N/A,8.91,,2009-03-07,"Series([], Name: Adj Close, dtype: float64)",
339,2011-11-17 07:59:18,1321534758.0,aeo,N/A,"<span id=""yfs_l10_aeo"">13.97</span>",,2011-11-17,"1031    1216.130005
Name: Adj Close, dtype: float64",
340,2012-01-01 20:57:00,1325469420.0,aeo,N/A,"<span id=""yfs_l10_aeo"">15.29</span>",,2012-01-01,"Series([], Name: Adj Close, dtype: float64)",
341,2012-07-23 18:32:30,1343082750.0,aeo,N/A,"_aeo"">20.27",,2012-07-23,"862    1350.52002
Name: Adj Close, dtype: float64",
342,2012-10-14 08:11:53,1350216713.0,aeo,N/A,"_aeo"">21.54",,2012-10-14,"Series([], Name: Adj Close, dtype: float64)",
343,2013-03-30 07:41:32,1364643692.0,aeo,N/A,"_aeo"">18.70",,2013-03-30,"Series([], Name: Adj Close, dtype: float64)",
344,2013-05-10 12:59:12,1368205152.0,aeo,N/A,"_aeo"">19.57",,2013-05-10,"662    1633.699951
Name: Adj Close, dtype: float64",
345,2004-08-03 23:58:46,1091591926.0,aep,1.754,31.64,,2004-08-03,"2870    1099.689941
Name: Adj Close, dtype: float64",
346,2004-10-10 13:54:05,1097430845.0,aep,1.739,32.38,,2004-10-10,"Series([], Name: Adj Close, dtype: float64)",
347,2005-04-04 22:37:45,1112668665.0,aep,1.435,33.96,,2005-04-04,"2702    1176.119995
Name: Adj Close, dtype: float64",
348,2007-03-07 02:53:36,1173254016.0,aep,1.342,45.33,,2007-03-07,"2218    1391.969971
Name: Adj Close, dtype: float64",
349,2007-04-10 20:12:53,1176250373.0,aep,1.457,49.34,,2007-04-10,"2195    1448.390015
Name: Adj Close, dtype: float64",
350,2008-01-23 20:30:47,1201138247.0,aep,1.55,43.82,,2008-01-23,"1996    1338.599976
Name: Adj Close, dtype: float64",
351,2011-04-08 04:53:43,1302252823.0,aep,136.63,"<span id=""yfs_l10_aep"">35.47</span>",,2011-04-08,"1186    1328.170044
Name: Adj Close, dtype: float64",
352,2011-11-13 10:16:12,1321197372.0,aep,120.73,"<span id=""yfs_l10_aep"">39.52</span>",,2011-11-13,"Series([], Name: Adj Close, dtype: float64)",
353,2012-07-27 00:36:41,1343363801.0,aep,123.75,"_aep"">41.95",,2012-07-27,"858    1385.969971
Name: Adj Close, dtype: float64",
354,2013-04-25 05:13:54,1366881234.0,aep,126.19,"_aep"">50.90",,2013-04-25,"673    1585.160034
Name: Adj Close, dtype: float64",
355,2003-10-03 17:23:47,1065216227.0,aes,101.18,7.96,,2003-10-03,"3078    1029.849976
Name: Adj Close, dtype: float64",
356,2003-12-15 21:31:38,1071541898.0,aes,29.748,8.39,,2003-12-15,"3028    1068.040039
Name: Adj Close, dtype: float64",
357,2004-08-04 00:04:30,1091592270.0,aes,15.619,9.66,,2004-08-04,"2869    1098.630005
Name: Adj Close, dtype: float64",
358,2004-10-26 04:29:14,1098779354.0,aes,15.619,11.05,,2004-10-26,"2811    1111.089966
Name: Adj Close, dtype: float64",
359,2004-12-05 09:19:07,1102256347.0,aes,12.944,12.42,,2004-12-05,"Series([], Name: Adj Close, dtype: float64)",
360,2005-02-18 08:12:43,1108732363.0,aes,10.698,16.48,,2005-02-18,"2731    1201.589966
Name: Adj Close, dtype: float64",
361,2007-02-19 02:26:15,1171869975.0,aes,6.513,22.30,,2007-02-19,"Series([], Name: Adj Close, dtype: float64)",
362,2007-04-11 05:09:29,1176282569.0,aes,6.513,22.42,,2007-04-11,"2194    1438.869995
Name: Adj Close, dtype: float64",
363,2008-01-23 21:05:49,1201140349.0,aes,5.378,17.90,,2008-01-23,"1996    1338.599976
Name: Adj Close, dtype: float64",
364,2008-04-23 21:50:03,1209001803.0,aes,5.687,17.63,,2008-04-23,"1933    1379.930054
Name: Adj Close, dtype: float64",
365,2011-05-23 09:17:49,1306156669.0,aes,178.11,"<span id=""yfs_l10_aes"">13.02</span>",,2011-05-23,"1156    1317.369995
Name: Adj Close, dtype: float64",
366,2011-07-24 02:55:42,1311490542.0,aes,178.11,"<span id=""yfs_l10_aes"">12.68</span>",,2011-07-24,"Series([], Name: Adj Close, dtype: float64)",
367,2013-05-23 20:50:51,1369356651.0,aes,279.88,"_aes"">12.90",,2013-05-23,"653    1650.51001
Name: Adj Close, dtype: float64",
368,2004-02-15 08:22:54,1076851374.0,aet,0.211,77.50,,2004-02-15,"Series([], Name: Adj Close, dtype: float64)",
369,2004-08-03 20:44:23,1091580263.0,aet,0.193,86.60,,2004-08-03,"2870    1099.689941
Name: Adj Close, dtype: float64",
370,2004-11-30 04:45:36,1101807936.0,aet,0.178,118.21,,2004-11-30,"2787    1173.819946
Name: Adj Close, dtype: float64",
371,2005-02-04 06:20:07,1107516007.0,aet,0.178,130.85,,2005-02-04,"2741    1203.030029
Name: Adj Close, dtype: float64",
372,2005-04-08 02:12:37,1112940757.0,aet,0.177,76.32,,2005-04-08,"2698    1181.199951
Name: Adj Close, dtype: float64",
373,2005-09-23 17:26:49,1127510809.0,aet,0.17,82.71,,2005-09-23,"2581    1215.290039
Name: Adj Close, dtype: float64",
374,2006-01-11 03:31:09,1136968269.0,aet,0.172,92.65,,2006-01-11,"2506    1294.180054
Name: Adj Close, dtype: float64",
375,2006-05-07 11:34:24,1147016064.0,aet,0.155,37.99,,2006-05-07,"Series([], Name: Adj Close, dtype: float64)",
376,2007-01-25 23:46:33,1169786793.0,aet,0.253,41.10,,2007-01-25,"2246    1423.900024
Name: Adj Close, dtype: float64",
377,2007-02-20 08:05:18,1171976718.0,aet,0.253,45.61,,2007-02-20,"2229    1459.680054
Name: Adj Close, dtype: float64",
378,2007-04-06 18:34:03,1175898843.0,aet,0.272,45.00,,2007-04-06,"Series([], Name: Adj Close, dtype: float64)",
379,2008-01-23 22:12:23,1201144343.0,aet,0.31,54.11,,2008-01-23,"1996    1338.599976
Name: Adj Close, dtype: float64",
380,2008-02-22 22:13:00,1203736380.0,aet,0.31,50.13,,2008-02-22,"1975    1353.109985
Name: Adj Close, dtype: float64",
381,2008-11-01 10:58:06,1225551486.0,aet,0.389,24.87,,2008-11-01,"Series([], Name: Adj Close, dtype: float64)",
382,2009-10-02 08:48:44,1254487724.0,aet,N/A,"<span id=""yfs_l10_aet"">27.58</span>",,2009-10-02,"1568    1025.209961
Name: Adj Close, dtype: float64",
383,2009-10-15 09:39:45,1255613985.0,aet,N/A,"<span id=""yfs_l10_aet"">26.03</span>",,2009-10-15,"1559    1096.560059
Name: Adj Close, dtype: float64",
384,2012-12-19 21:05:07,1355969107.0,aet,43.00,"_aet"">46.00",,2012-12-19,"759    1435.810059
Name: Adj Close, dtype: float64",
385,2013-06-05 05:12:09,1370423529.0,aet,63.37,"_aet"">59.36",,2013-06-05,"645    1608.900024
Name: Adj Close, dtype: float64",
386,2003-10-03 17:29:50,1065216590.0,afl,0.173,33.43,,2003-10-03,"3078    1029.849976
Name: Adj Close, dtype: float64",
387,2003-12-07 12:26:30,1070817990.0,afl,0.206,35.47,,2003-12-07,"Series([], Name: Adj Close, dtype: float64)",
388,2004-06-27 21:50:24,1088387424.0,afl,0.203,40.40,,2004-06-27,"Series([], Name: Adj Close, dtype: float64)",
389,2004-08-29 05:10:22,1093770622.0,afl,0.226,39.99,,2004-08-29,"Series([], Name: Adj Close, dtype: float64)",
390,2005-01-25 00:35:34,1106631334.0,afl,0.189,39.58,,2005-01-25,"2749    1168.410034
Name: Adj Close, dtype: float64",
391,2005-03-17 18:20:48,1111098048.0,afl,0.189,38.22,,2005-03-17,"2713    1190.209961
Name: Adj Close, dtype: float64",
392,2005-04-06 19:09:19,1112828959.0,afl,0.189,37.00,,2005-04-06,"2700    1184.069946
Name: Adj Close, dtype: float64",
393,2005-08-28 22:41:53,1125283313.0,afl,0.162,43.93,,2005-08-28,"Series([], Name: Adj Close, dtype: float64)",
394,2006-02-02 01:16:50,1138861010.0,afl,0.212,47.17,,2006-02-02,"2491    1270.839966
Name: Adj Close, dtype: float64",
395,2006-05-28 02:32:55,1148797975.0,afl,0.185,46.78,,2006-05-28,"Series([], Name: Adj Close, dtype: float64)",
396,2007-02-20 18:32:53,1172014373.0,afl,0.171,48.45,,2007-02-20,"2229    1459.680054
Name: Adj Close, dtype: float64",
397,2007-04-08 10:16:28,1176041788.0,afl,0.171,47.92,,2007-04-08,"Series([], Name: Adj Close, dtype: float64)",
398,2008-01-01 12:20:40,1199208040.0,afl,0.172,62.63,,2008-01-01,"Series([], Name: Adj Close, dtype: float64)",
399,2008-01-23 12:52:38,1201110758.0,afl,0.172,61.31,,2008-01-23,"1996    1338.599976
Name: Adj Close, dtype: float64",
400,2009-01-29 12:02:15,1233248535.0,afl,0.241,25.06,,2009-01-29,"1739    845.140015
Name: Adj Close, dtype: float64",
401,2011-12-30 09:10:57,1325254257.0,afl,33.03,"<span id=""yfs_l10_afl"">43.27</span>",,2011-12-30,"1002    1257.599976
Name: Adj Close, dtype: float64",
402,2012-07-17 03:10:14,1342509014.0,afl,30.49,"_afl"">43.20",,2012-07-17,"866    1363.670044
Name: Adj Close, dtype: float64",
403,2013-05-07 11:42:45,1367941365.0,afl,27.57,"_afl"">55.61",,2013-05-07,"665    1625.959961
Name: Adj Close, dtype: float64",
404,2003-11-17 22:46:03,1069127163.0,agn,0.739,76.65,,2003-11-17,"3047    1043.630005
Name: Adj Close, dtype: float64",
405,2004-06-19 14:49:29,1087670969.0,agn,0.695,91.42,,2004-06-19,"Series([], Name: Adj Close, dtype: float64)",
406,2004-08-10 02:33:38,1092119618.0,agn,0.637,69.32,,2004-08-10,"2865    1079.040039
Name: Adj Close, dtype: float64",
407,2004-11-02 14:09:49,1099418989.0,agn,0.637,72.50,,2004-11-02,"2806    1130.560059
Name: Adj Close, dtype: float64",
408,2005-03-10 01:40:57,1110436857.0,agn,0.522,75.47,,2005-03-10,"2718    1209.25
Name: Adj Close, dtype: float64",
409,2005-04-04 23:20:33,1112671233.0,agn,0.522,69.07,,2005-04-04,"2702    1176.119995
Name: Adj Close, dtype: float64",
410,2005-08-29 12:42:47,1125333767.0,agn,0.51,92.83,,2005-08-29,"2599    1212.280029
Name: Adj Close, dtype: float64",
411,2006-06-21 09:29:01,1150896541.0,agn,0.47,104.14,,2006-06-21,"2395    1252.199951
Name: Adj Close, dtype: float64",
412,2007-02-20 16:30:00,1172007000.0,agn,0.544,113.32,,2007-02-20,"2229    1459.680054
Name: Adj Close, dtype: float64",
413,2007-04-06 22:28:10,1175912890.0,agn,0.544,113.52,,2007-04-06,"Series([], Name: Adj Close, dtype: float64)",
414,2008-01-23 23:06:53,1201147613.0,agn,0.449,65.01,,2008-01-23,"1996    1338.599976
Name: Adj Close, dtype: float64",
415,2008-02-16 18:44:49,1203205489.0,agn,0.436,63.89,,2008-02-16,"Series([], Name: Adj Close, dtype: float64)",
416,2008-05-17 08:24:31,1211027071.0,agn,0.429,54.11,,2008-05-17,"Series([], Name: Adj Close, dtype: float64)",
417,2012-08-11 08:06:33,1344686793.0,agn,28.52,"_agn"">85.61",,2012-08-11,"Series([], Name: Adj Close, dtype: float64)",
418,2012-08-22 22:58:41,1345690721.0,agn,28.52,"_agn"">85.43",,2012-08-22,"840    1413.48999
Name: Adj Close, dtype: float64",
419,2013-04-22 02:49:52,1366613392.0,agn,26.63,"_agn"">113.74",,2013-04-22,"676    1562.5
Name: Adj Close, dtype: float64",
420,2013-05-12 05:08:18,1368349698.0,agn,40.37,"_agn"">104.18",,2013-05-12,"Series([], Name: Adj Close, dtype: float64)",
421,2004-02-15 09:40:39,1076856039.0,aig,1.15,74.72,,2004-02-15,"Series([], Name: Adj Close, dtype: float64)",
422,2004-08-18 11:50:54,1092844254.0,aig,1.173,68.32,,2004-08-18,"2859    1095.170044
Name: Adj Close, dtype: float64",
423,2005-01-18 04:07:03,1106039223.0,aig,1.162,66.14,,2005-01-18,"2754    1195.97998
Name: Adj Close, dtype: float64",
424,2005-04-28 12:07:20,1114704440.0,aig,1.162,51.85,,2005-04-28,"2684    1143.219971
Name: Adj Close, dtype: float64",
425,2006-01-07 18:38:22,1136677102.0,aig,1.294,70.11,,2006-01-07,"Series([], Name: Adj Close, dtype: float64)",
426,2006-06-17 17:06:59,1150578419.0,aig,1.384,59.87,,2006-06-17,"Series([], Name: Adj Close, dtype: float64)",
427,2007-01-23 22:00:19,1169607619.0,aig,No Data Available,69.80,,2007-01-23,"2248    1427.98999
Name: Adj Close, dtype: float64",
428,2007-03-15 06:01:57,1173952917.0,aig,1.687,67.00,,2007-03-15,"2212    1392.280029
Name: Adj Close, dtype: float64",
429,2007-05-04 05:36:10,1178271370.0,aig,1.687,70.65,,2007-05-04,"2177    1505.619995
Name: Adj Close, dtype: float64",
430,2007-06-05 04:27:22,1181032042.0,aig,1.614,72.55,,2007-06-05,"2156    1530.949951
Name: Adj Close, dtype: float64",
431,2007-07-06 07:35:21,1183721721.0,aig,1.614,70.27,,2007-07-06,"2134    1530.439941
Name: Adj Close, dtype: float64",
432,2008-01-23 16:02:26,1201122146.0,aig,1.918,52.07,,2008-01-23,"1996    1338.599976
Name: Adj Close, dtype: float64",
433,2008-05-23 12:57:40,1211561860.0,aig,2.282,37.81,,2008-05-23,"1911    1375.930054
Name: Adj Close, dtype: float64",
434,2008-09-21 02:42:52,1221979372.0,aig,2.411,3.85,,2008-09-21,"Series([], Name: Adj Close, dtype: float64)",
435,2008-10-27 11:48:40,1225122520.0,aig,2.411,1.70,,2008-10-27,"1803    848.919983
Name: Adj Close, dtype: float64",
436,2008-12-17 11:42:57,1229532177.0,aig,3.273,1.80,,2008-12-17,"1767    904.419983
Name: Adj Close, dtype: float64",
437,2008-12-19 05:47:27,1229683647.0,aig,3.273,1.67,,2008-12-19,"1765    887.880005
Name: Adj Close, dtype: float64",
438,2009-01-06 14:34:51,1231270491.0,aig,3.273,1.66,,2009-01-06,"1755    934.700012
Name: Adj Close, dtype: float64",
439,2010-01-05 22:17:53,1262747873.0,aig,N/A,"<span id=""yfs_l10_aig"">29.33</span>",,2010-01-05,"1504    1136.52002
Name: Adj Close, dtype: float64",
440,2011-04-29 00:43:45,1304052225.0,aig,95.52,"<span id=""yfs_l10_aig"">31.80</span>",,2011-04-29,"1172    1363.609985
Name: Adj Close, dtype: float64",
441,2011-09-02 15:22:28,1314991348.0,aig,85.55,"<span id=""yfs_l10_aig"">24.08</span>",,2011-09-02,"1084    1173.969971
Name: Adj Close, dtype: float64",
442,2011-11-03 02:27:12,1320301632.0,aig,76.86,"<span id=""yfs_l10_aig"">24.19</span>",,2011-11-03,"1041    1261.150024
Name: Adj Close, dtype: float64",
443,2011-11-04 17:31:20,1320442280.0,aig,76.86,"<span id=""yfs_l10_aig"">23.75</span>",,2011-11-04,"1040    1253.22998
Name: Adj Close, dtype: float64",
444,2012-01-02 19:39:36,1325551176.0,aig,81.27,"<span id=""yfs_l10_aig"">23.20</span>",,2012-01-02,"Series([], Name: Adj Close, dtype: float64)",
445,2012-03-10 07:53:56,1331384036.0,aig,66.35,"_aig"">28.25",,2012-03-10,"Series([], Name: Adj Close, dtype: float64)",
446,2012-07-01 20:48:59,1341190139.0,aig,74.18,"_aig"">32.09",,2012-07-01,"Series([], Name: Adj Close, dtype: float64)",
447,2012-07-13 10:02:58,1342188178.0,aig,74.18,"_aig"">30.47",,2012-07-13,"868    1356.780029
Name: Adj Close, dtype: float64",
448,2012-11-12 11:30:45,1352737845.0,aig,71.90,"_aig"">32.17",,2012-11-12,"785    1380.030029
Name: Adj Close, dtype: float64",
449,2013-01-30 10:56:28,1359561388.0,aig,71.90,"_aig"">37.82",,2013-01-30,"732    1501.959961
Name: Adj Close, dtype: float64",
450,2013-04-22 02:32:25,1366612345.0,aig,48.99,"_aig"">38.88",,2013-04-22,"676    1562.5
Name: Adj Close, dtype: float64",
451,2013-05-11 13:26:32,1368293192.0,aig,45.01,"_aig"">44.18",,2013-05-11,"Series([], Name: Adj Close, dtype: float64)",
